-- PROJECT TABLE INSERT(프로젝트 테이블 INSERT)
INSERT INTO PROJECT(NO, TITLE, CONTENT, START_DATE, END_DATE, TEAM_NAME) VALUES(SEQ_PROJECT_NO.NEXTVAL, '판다 개체보존 프로젝트', '국가적 차원의 판다 개체보존을 위한 프로젝트 진행', '2023/07/01', '2023/12/31', '개체보존1팀');
INSERT INTO PROJECT(NO, TITLE, CONTENT, START_DATE, END_DATE, TEAM_NAME) VALUES(SEQ_PROJECT_NO.NEXTVAL, '새로운 사자가족을 위한 우리 확장 프로젝트', '새로운 사자가족을 맞이하기 위한 우리 확장하기', '2023/07/01', '2023/09/10', '동물1팀');
INSERT INTO PROJECT(NO, TITLE, CONTENT, START_DATE, END_DATE, TEAM_NAME) VALUES(SEQ_PROJECT_NO.NEXTVAL, '국가주도 동물사랑 프로젝트', '동물 인식 향상을 위한 동물 사랑 프로젝트 진행', '2023/07/01', '2023/08/31', '동물2팀');
INSERT INTO PROJECT(NO, TITLE, CONTENT, START_DATE, END_DATE, TEAM_NAME) VALUES(SEQ_PROJECT_NO.NEXTVAL, '알비노 개체보존 프로젝트', '국가적 차원의 알비노 동물 개체보존을 위한 프로젝트 진행', '2023/07/01', '2023/9/30', '개체보존2팀');

-- PROJECT_TEAM_MEMBER TABLE INSERT(프로젝트 팀 테이블 INSERT)
INSERT INTO PROJECT_TEAM_MEMBER(USER_NO, PROJECT_NO) VALUES('1', '1');
INSERT INTO PROJECT_TEAM_MEMBER(USER_NO, PROJECT_NO) VALUES('2', '2');
INSERT INTO PROJECT_TEAM_MEMBER(USER_NO, PROJECT_NO) VALUES('3', '3');
INSERT INTO PROJECT_TEAM_MEMBER(USER_NO, PROJECT_NO) VALUES('4', '4');
INSERT INTO PROJECT_TEAM_MEMBER(USER_NO, PROJECT_NO) VALUES('5', '1');
INSERT INTO PROJECT_TEAM_MEMBER(USER_NO, PROJECT_NO) VALUES('6', '2');
INSERT INTO PROJECT_TEAM_MEMBER(USER_NO, PROJECT_NO) VALUES('7', '3');
INSERT INTO PROJECT_TEAM_MEMBER(USER_NO, PROJECT_NO) VALUES('8', '4');
INSERT INTO PROJECT_TEAM_MEMBER(USER_NO, PROJECT_NO) VALUES('9', '1');
INSERT INTO PROJECT_TEAM_MEMBER(USER_NO, PROJECT_NO) VALUES('10', '2');

-- PROJECT_TODO TABLE INSERT(프로젝트 할일 테이블 INSERT)
INSERT INTO PROJECT_TODO(NO, PROJECT_NO, START_DATE, END_DATE) VALUES(SEQ_PROJECT_TODO_NO.NEXTVAL, '1', '2023/07/01', '2023/07/10');
INSERT INTO PROJECT_TODO(NO, PROJECT_NO, START_DATE, END_DATE) VALUES(SEQ_PROJECT_TODO_NO.NEXTVAL, '2', '2023/07/01', '2023/07/10');
INSERT INTO PROJECT_TODO(NO, PROJECT_NO, START_DATE, END_DATE) VALUES(SEQ_PROJECT_TODO_NO.NEXTVAL, '3', '2023/07/01', '2023/07/10');
INSERT INTO PROJECT_TODO(NO, PROJECT_NO, START_DATE, END_DATE) VALUES(SEQ_PROJECT_TODO_NO.NEXTVAL, '4', '2023/07/01', '2023/07/10');
INSERT INTO PROJECT_TODO(NO, PROJECT_NO, START_DATE, END_DATE) VALUES(SEQ_PROJECT_TODO_NO.NEXTVAL, '1', '2023/07/11', '2023/08/22');
INSERT INTO PROJECT_TODO(NO, PROJECT_NO, START_DATE, END_DATE) VALUES(SEQ_PROJECT_TODO_NO.NEXTVAL, '2', '2023/07/11', '2023/08/22');
INSERT INTO PROJECT_TODO(NO, PROJECT_NO, START_DATE, END_DATE) VALUES(SEQ_PROJECT_TODO_NO.NEXTVAL, '3', '2023/07/11', '2023/08/22');
INSERT INTO PROJECT_TODO(NO, PROJECT_NO, START_DATE, END_DATE) VALUES(SEQ_PROJECT_TODO_NO.NEXTVAL, '4', '2023/07/11', '2023/08/22');
INSERT INTO PROJECT_TODO(NO, PROJECT_NO, START_DATE, END_DATE) VALUES(SEQ_PROJECT_TODO_NO.NEXTVAL, '1', '2023/07/21', '2023/09/02');
INSERT INTO PROJECT_TODO(NO, PROJECT_NO, START_DATE, END_DATE) VALUES(SEQ_PROJECT_TODO_NO.NEXTVAL, '2', '2023/07/21', '2023/09/02');

-- TODO_LIST TABLE INSERT(할일목록 테이블 INSERT)
INSERT INTO TODO_LIST(NO, PROJECT_TODO_NO, CONTENT) VALUES(SEQ_TODO_LIST_NO.NEXTVAL, '1', '판다 교배시키기');
INSERT INTO TODO_LIST(NO, PROJECT_TODO_NO, CONTENT) VALUES(SEQ_TODO_LIST_NO.NEXTVAL, '2', '우리 청소하기');
INSERT INTO TODO_LIST(NO, PROJECT_TODO_NO, CONTENT) VALUES(SEQ_TODO_LIST_NO.NEXTVAL, '3', '동물사랑 포스터 만들기');
INSERT INTO TODO_LIST(NO, PROJECT_TODO_NO, CONTENT) VALUES(SEQ_TODO_LIST_NO.NEXTVAL, '4', '알비노 관련 논문 찾아보기');
INSERT INTO TODO_LIST(NO, PROJECT_TODO_NO, CONTENT) VALUES(SEQ_TODO_LIST_NO.NEXTVAL, '5', '판다 후손 관심가지기');
INSERT INTO TODO_LIST(NO, PROJECT_TODO_NO, CONTENT) VALUES(SEQ_TODO_LIST_NO.NEXTVAL, '6', '확장 공사하기');
INSERT INTO TODO_LIST(NO, PROJECT_TODO_NO, CONTENT) VALUES(SEQ_TODO_LIST_NO.NEXTVAL, '7', '포스터 교부하기(근방에서)');
INSERT INTO TODO_LIST(NO, PROJECT_TODO_NO, CONTENT) VALUES(SEQ_TODO_LIST_NO.NEXTVAL, '8', '알비노 개체 분리하기');
INSERT INTO TODO_LIST(NO, PROJECT_TODO_NO, CONTENT) VALUES(SEQ_TODO_LIST_NO.NEXTVAL, '9', '판다 건강검진하기');
INSERT INTO TODO_LIST(NO, PROJECT_TODO_NO, CONTENT) VALUES(SEQ_TODO_LIST_NO.NEXTVAL, '10', '사자 정보 등록하기');

-- CHATTING ROOM TABLE INSERT(채팅방 테이블 INSERT)
INSERT INTO CHATTING_ROOM(NO, NAME, ENROLL_DATE, STATUS) VALUES(SEQ_CHATTING_ROOM_NO.NEXTVAL, '개체보존1팀', '2023/07/01', 'O');
INSERT INTO CHATTING_ROOM(NO, NAME, ENROLL_DATE, STATUS) VALUES(SEQ_CHATTING_ROOM_NO.NEXTVAL, '개체보존2팀', '2023/07/01', 'O');
INSERT INTO CHATTING_ROOM(NO, NAME, ENROLL_DATE, STATUS) VALUES(SEQ_CHATTING_ROOM_NO.NEXTVAL, '동물1팀', '2023/07/01', 'O');

-- SUGGESTION TABLE INSERT(건의사항 테이블 INSERT)
INSERT INTO SUGGESTION(NO, USER_NO, TITLE, CONTENT, ENROLL_DATE, STATUS, HIT) VALUES(SEQ_SUGGESTION_NO.NEXTVAL, '1', '동물원 배치변경 건의합니다.', '회의실 배치 변경을 요청합니다.', '2023/07/01', 'O', '11');
INSERT INTO SUGGESTION(NO, USER_NO, TITLE, CONTENT, ENROLL_DATE, STATUS, HIT) VALUES(SEQ_SUGGESTION_NO.NEXTVAL, '2', '프로젝트 관련 건의사항', '회의실 배치 변경을 요청합니다.', '2023/07/11', 'O', '2');
INSERT INTO SUGGESTION(NO, USER_NO, TITLE, CONTENT, ENROLL_DATE, STATUS, HIT) VALUES(SEQ_SUGGESTION_NO.NEXTVAL, '1', '연봉협상 관련 건의합니다.', '회의실 배치 변경을 요청합니다.', '2023/06/01', 'O', '13');
INSERT INTO SUGGESTION(NO, USER_NO, TITLE, CONTENT, ENROLL_DATE, STATUS, HIT) VALUES(SEQ_SUGGESTION_NO.NEXTVAL, '2', '예산안 수정해주세요', '회의실 배치 변경을 요청합니다.', '2023/05/21', 'O', '24');
INSERT INTO SUGGESTION(NO, USER_NO, TITLE, CONTENT, ENROLL_DATE, STATUS, HIT) VALUES(SEQ_SUGGESTION_NO.NEXTVAL, '1', '유선번호 변경 건의드려요', '회의실 배치 변경을 요청합니다.', '2023/07/21', 'O', '5');
INSERT INTO SUGGESTION(NO, USER_NO, TITLE, CONTENT, ENROLL_DATE, STATUS, HIT) VALUES(SEQ_SUGGESTION_NO.NEXTVAL, '2', '정보수정이 안되는데 어떡하죠?', '회의실 배치 변경을 요청합니다.', '2023/07/21', 'O', '6');
INSERT INTO SUGGESTION(NO, USER_NO, TITLE, CONTENT, ENROLL_DATE, STATUS, HIT) VALUES(SEQ_SUGGESTION_NO.NEXTVAL, '2', '시설관련 건의드립니다.', '회의실 배치 변경을 요청합니다.', '2023/07/01', 'O', '71');
INSERT INTO SUGGESTION(NO, USER_NO, TITLE, CONTENT, ENROLL_DATE, STATUS, HIT) VALUES(SEQ_SUGGESTION_NO.NEXTVAL, '1', '화장실이 많이 더럽습니다', '회의실 배치 변경을 요청합니다.', '2023/04/23', 'O', '18');
INSERT INTO SUGGESTION(NO, USER_NO, TITLE, CONTENT, ENROLL_DATE, STATUS, HIT) VALUES(SEQ_SUGGESTION_NO.NEXTVAL, '1', '민원인에 대한 정신적 피해보상 문의', '회의실 배치 변경을 요청합니다.', '2023/05/11', 'O', '29');
INSERT INTO SUGGESTION(NO, USER_NO, TITLE, CONTENT, ENROLL_DATE, STATUS, HIT) VALUES(SEQ_SUGGESTION_NO.NEXTVAL, '2', '동물원 내 시설에 대한 건의사항입니다.', '회의실 배치 변경을 요청합니다.', '2023/03/23', 'O', '15');

-- ADMIN TABLE INSERT(관리자 테이블 INSERT)
INSERT INTO ADMIN(NO, ID, PWD, POWER, STATUS) VALUES(SEQ_ADMIN_NO.NEXTVAL, 'ADMIN1', 'ADMIN1', '0', 'O');
INSERT INTO ADMIN(NO, ID, PWD, POWER, STATUS) VALUES(SEQ_ADMIN_NO.NEXTVAL, 'ADMIN2', 'ADMIN2', '1', 'O');
INSERT INTO ADMIN(NO, ID, PWD, POWER, STATUS) VALUES(SEQ_ADMIN_NO.NEXTVAL, 'ADMIN3', 'ADMIN3', '2', 'O');
INSERT INTO ADMIN(NO, ID, PWD, POWER, STATUS) VALUES(SEQ_ADMIN_NO.NEXTVAL, 'ADMIN4', 'ADMIN4', '2', 'O');

-- NOTICE_CATEGORY TABLE INSERT(공지사항 카테고리 테이블 INSERT)
INSERT INTO NOTICE_CATEGORY(NO, NAME) VALUES(SEQ_NOTICE_CAT_NO.NEXTVAL, '서비스');
INSERT INTO NOTICE_CATEGORY(NO, NAME) VALUES(SEQ_NOTICE_CAT_NO.NEXTVAL, '안내');
INSERT INTO NOTICE_CATEGORY(NO, NAME) VALUES(SEQ_NOTICE_CAT_NO.NEXTVAL, '이벤트');

-- NOTICE TABLE INSERT(공지사항 테이블 INSERT)
INSERT INTO NOTICE(NO, ADMIN_NO, CATEGORY_NO, TITLE, CONTENT, ENROLL_DATE, STATUS) VALUES(SEQ_NOTICE_NO.NEXTVAL, '1', '1', '동물원 내 비데추가 안내드립니다.', '화장실에 비데를 설치하였습니다. 많은 이용 부탁드립니다.', '2023/07/10', 'O');
INSERT INTO NOTICE(NO, ADMIN_NO, CATEGORY_NO, TITLE, CONTENT, ENROLL_DATE, STATUS) VALUES(SEQ_NOTICE_NO.NEXTVAL, '2', '2', '새로운 사자 가족 맞이 안내', '새로운 사자 가족을 맞이할 예정입니다. 많은 관심 부탁드립니다.', '2023/07/20', 'O');
INSERT INTO NOTICE(NO, ADMIN_NO, CATEGORY_NO, TITLE, CONTENT, ENROLL_DATE, STATUS) VALUES(SEQ_NOTICE_NO.NEXTVAL, '3', '3', '사원 업무효율 증진을 위한 이벤트 시행', '동물원 내 가족인 사원분들을 위한 보너스 지급 이벤트를 시행할 예정입니다.', '2023/07/02', 'O');
INSERT INTO NOTICE(NO, ADMIN_NO, CATEGORY_NO, TITLE, CONTENT, ENROLL_DATE, STATUS) VALUES(SEQ_NOTICE_NO.NEXTVAL, '4', '1', '동물원 서비스 이용 안내', '동물원을 이용하시는 직원분들께서는 공지사항 필독 바랍니다.', '2023/06/28', 'O');
INSERT INTO NOTICE(NO, ADMIN_NO, CATEGORY_NO, TITLE, CONTENT, ENROLL_DATE, STATUS) VALUES(SEQ_NOTICE_NO.NEXTVAL, '1', '2', '원숭이 우리 수리기간 공지', '원숭이우리 수리기간 안내드리오니 업무에 참고 바랍니다.', '2023/07/15', 'O');
INSERT INTO NOTICE(NO, ADMIN_NO, CATEGORY_NO, TITLE, CONTENT, ENROLL_DATE, STATUS) VALUES(SEQ_NOTICE_NO.NEXTVAL, '2', '3', '이벤트 관련 공지사항입니다.', '동물원 내 이벤트 많은 참여 바랍니다.', '2023/05/04', 'O');
INSERT INTO NOTICE(NO, ADMIN_NO, CATEGORY_NO, TITLE, CONTENT, ENROLL_DATE, STATUS) VALUES(SEQ_NOTICE_NO.NEXTVAL, '3', '1', '직원 의견 수렴을 위한 공지 안내', '동물원 내의 모든 직원분들께서는 건의사항 작성 시 의견수렴하여 작성 부탁드립니다.', '2023/06/03', 'O');
INSERT INTO NOTICE(NO, ADMIN_NO, CATEGORY_NO, TITLE, CONTENT, ENROLL_DATE, STATUS) VALUES(SEQ_NOTICE_NO.NEXTVAL, '4', '2', '직원용 화장실 이용 안내', '직원분들께서는 고객들이 이용하는 화장실 사용 가급적 자제 부탁드립니다.', '2023/07/22', 'O');
INSERT INTO NOTICE(NO, ADMIN_NO, CATEGORY_NO, TITLE, CONTENT, ENROLL_DATE, STATUS) VALUES(SEQ_NOTICE_NO.NEXTVAL, '1', '3', '모든직원 참여가능)아이패드 증정 이벤트', '아이패드 증정 이벤트 시행 예정입니다. 많은 참여 부탁드립니다.', '2023/06/30', 'O');
INSERT INTO NOTICE(NO, ADMIN_NO, CATEGORY_NO, TITLE, CONTENT, ENROLL_DATE, STATUS) VALUES(SEQ_NOTICE_NO.NEXTVAL, '2', '2', '사내 동아리 필참 안내', '사내 동아리는 필참입니다..', '2023/07/01', 'O');
